{"State/1 - EP": -1.8814884424209595, "State/1 - EV": 0.14309808611869812, "State/1 - ACC": -0.7447236180305481, "_timestamp": 1729064232.975073, "_runtime": 139.58573508262634, "_step": 30000, "Score": -1.328480029670112, "epsilon decay": 0.9705411318974407, "Episode": 299, "Episode Steps": 100, "State/51 - EP": 1.6534764766693115, "State/51 - EV": -0.3888671100139618, "State/51 - ACC": 1.8160804510116577, "State/101 - EP": -23.763004302978516, "State/101 - EV": -2.4358644485473633, "State/101 - ACC": -1.8160804510116577, "State/151 - EP": -0.16874615848064423, "State/151 - EV": 0.9450414180755615, "State/151 - ACC": -0.6924623250961304, "State/201 - EP": 5.319277286529541, "State/201 - EV": -0.2006935328245163, "State/201 - ACC": 0.4050251245498657, "State/251 - EP": 7.461270332336426, "State/251 - EV": 0.8767414093017578, "State/251 - ACC": 1.4502512216567993, "_wandb": {"runtime": 343}}