{"State/1 - EP": -1.639763593673706, "State/1 - EV": -0.003799842204898596, "State/1 - ACC": 1.4502512216567993, "_timestamp": 1728851071.96083, "_runtime": 80.57085585594177, "_step": 146, "State/51 - EP": 4.060791969299316, "State/51 - EV": 0.8018799424171448, "State/51 - ACC": -1.188944697380066, "Score": -33.865028913020744, "epsilon decay": 0.9855053437312414, "State/101 - EP": -0.6888754963874817, "State/101 - EV": 0.5531665086746216, "State/101 - ACC": 1.7899497747421265}