{"State/1 - EP": 17.946977615356445, "State/1 - EV": 2.472083568572998, "State/1 - ACC": -2.1819095611572266, "_timestamp": 1728852017.9075563, "_runtime": 114.5879213809967, "_step": 248, "State/51 - EP": 7.072831630706787, "State/51 - EV": 1.1124894618988037, "State/51 - ACC": -0.3005025088787079, "Score": -37.49082653137732, "epsilon decay": 0.9755037838121503, "State/101 - EP": -10.473843574523926, "State/101 - EV": -0.9934020042419434, "State/101 - ACC": -2.129648208618164}