{"State/1 - EP": 1.7118006944656372, "State/1 - EV": -2.1040632724761963, "State/1 - ACC": 1.4763818979263306, "_timestamp": 1728851243.34745, "_runtime": 121.96106910705566, "_step": 299, "State/51 - EP": -4.187527179718018, "State/51 - EV": -0.6911516189575195, "State/51 - ACC": 1.6331658363342285, "Score": -29.924292971797644, "epsilon decay": 0.9705411318974407, "State/101 - EP": 20.674610137939453, "State/101 - EV": 2.5641286373138428, "State/101 - ACC": 2.469346761703491, "_wandb": {"runtime": 220}}