{"State/1 - EP": -2.37351131439209, "State/1 - EV": -0.964505672454834, "State/1 - ACC": 0.6402010321617126, "_timestamp": 1728849932.070379, "_runtime": 175.7505910396576, "_step": 448, "State/51 - EP": -5.529165267944336, "State/51 - EV": -1.3080551624298096, "State/51 - ACC": 1.7899497747421265, "Score": -29.128375475365367, "epsilon decay": 0.9561865584476045, "State/101 - EP": 20.536602020263672, "State/101 - EV": 1.743767499923706, "State/101 - ACC": 0.6663316488265991}