{"State/1 - EP": -19.71306037902832, "State/1 - EV": -2.3341283798217773, "State/1 - ACC": 1.424120545387268, "_timestamp": 1728852078.2969353, "_runtime": 31.744983434677124, "_step": 98}