{"State/1 - EP": -2.8857104778289795, "State/1 - EV": -0.6924052834510803, "State/1 - ACC": -2.1557788848876953, "_timestamp": 1729063790.4102213, "_runtime": 128.73274731636047, "_step": 299, "State/51 - EP": -9.424647331237793, "State/51 - EV": -1.1110011339187622, "State/51 - ACC": 1.8683416843414307, "Score": -69.33504401662589, "epsilon decay": 0.9705411318974407, "State/101 - EP": -1.3569843769073486, "State/101 - EV": -0.6322967410087585, "State/101 - ACC": -1.6331658363342285, "_wandb": {"runtime": 307}}