{"State/1 - EP": -8.112907409667969, "State/1 - EV": -1.2804641723632812, "State/1 - ACC": -1.9728642702102661, "_timestamp": 1728851398.2409327, "_runtime": 31.490960597991943, "_step": 98}