{"State/ep 1": -14.977804183959961, "State/ev 1": -2.9021387100219727, "State/acc 1": -1.4763818979263306, "_timestamp": 1728849339.3779786, "_runtime": 243.3864095211029, "_step": 649, "State/ep 51": 18.021196365356445, "State/ev 51": 1.896414875984192, "State/acc 51": 0.7708542943000793, "total reward": -20.79026630705548, "epsilon decay": 1.0, "State/ep 101": 1.3770701885223389, "State/ev 101": 0.5770973563194275, "State/acc 101": 2.3125627040863037}