{"State/1 - EP": 0.26220279932022095, "State/1 - EV": -0.30096200108528137, "State/1 - ACC": -2.3909547328948975, "_timestamp": 1729067094.0971859, "_runtime": 2163.9897589683533, "_step": 1000000, "Score": -0.8903146960136001, "epsilon decay": 0.36789783621659083, "Episode": 9999, "Average Score": -3.957699885964354, "Total Steps": 100, "State/201 - EP": 19.08452033996582, "State/201 - EV": 2.53302001953125, "State/201 - ACC": 0.37889447808265686, "State/401 - EP": -11.189889907836914, "State/401 - EV": -0.3849416971206665, "State/401 - ACC": 1.3718593120574951, "State/601 - EP": -4.649338722229004, "State/601 - EV": -1.0234997272491455, "State/601 - ACC": 1.7899497747421265, "State/801 - EP": -6.770824909210205, "State/801 - EV": -1.5538661479949951, "State/801 - ACC": 2.4954774379730225, "State/1001 - EP": -17.871877670288086, "State/1001 - EV": -1.5940594673156738, "State/1001 - ACC": -1.136683464050293, "State/1201 - EP": 18.191591262817383, "State/1201 - EV": 2.2849538326263428, "State/1201 - ACC": 0.14371860027313232, "State/1401 - EP": -3.518465757369995, "State/1401 - EV": -0.5552626252174377, "State/1401 - ACC": -1.737688422203064, "State/1601 - EP": -2.441596031188965, "State/1601 - EV": -0.18730363249778748, "State/1601 - ACC": 1.7115577459335327, "State/1801 - EP": 0.24396716058254242, "State/1801 - EV": 0.7037479281425476, "State/1801 - ACC": 0.6663316488265991, "State/2001 - EP": 18.458311080932617, "State/2001 - EV": 1.8374969959259033, "State/2001 - ACC": -2.1819095611572266, "State/2201 - EP": -2.7494442462921143, "State/2201 - EV": 0.1383253037929535, "State/2201 - ACC": -2.573869228363037, "State/2401 - EP": -4.08277702331543, "State/2401 - EV": -0.9153817892074585, "State/2401 - ACC": -2.1557788848876953, "State/2601 - EP": 0.34325486421585083, "State/2601 - EV": -0.11951235681772232, "State/2601 - ACC": 1.8160804510116577, "State/2801 - EP": 1.379011631011963, "State/2801 - EV": 1.312881350517273, "State/2801 - ACC": 1.2412060499191284, "State/3001 - EP": 0.633104681968689, "State/3001 - EV": -0.39487168192863464, "State/3001 - ACC": -2.0512561798095703, "State/3201 - EP": 4.020226001739502, "State/3201 - EV": 1.0546350479125977, "State/3201 - ACC": 1.188944697380066, "State/3401 - EP": 0.08540676534175873, "State/3401 - EV": 0.004667842295020819, "State/3401 - ACC": -1.9989949464797974, "State/3601 - EP": 0.29121288657188416, "State/3601 - EV": -0.009429847821593285, "State/3601 - ACC": -1.7115577459335327, "State/3801 - EP": -2.922355890274048, "State/3801 - EV": -0.030655723065137863, "State/3801 - ACC": 1.4763818979263306, "State/4001 - EP": -0.5516198873519897, "State/4001 - EV": 0.026566557586193085, "State/4001 - ACC": -0.5618090629577637, "State/4201 - EP": -0.15099850296974182, "State/4201 - EV": 0.5884976983070374, "State/4201 - ACC": 1.2934672832489014, "State/4401 - EP": -1.4027154445648193, "State/4401 - EV": -0.48786166310310364, "State/4401 - ACC": -0.7447236180305481, "State/4601 - EP": 0.06288305670022964, "State/4601 - EV": 0.32016247510910034, "State/4601 - ACC": 0.11758793890476227, "State/4801 - EP": 8.985888481140137, "State/4801 - EV": 2.1500580310821533, "State/4801 - ACC": 0.5879396796226501, "State/5001 - EP": 1.825117826461792, "State/5001 - EV": 0.05122394114732742, "State/5001 - ACC": -2.1819095611572266, "State/5201 - EP": -1.6595290899276733, "State/5201 - EV": -0.012416750192642212, "State/5201 - ACC": 0.7969849109649658, "State/5401 - EP": -0.36476677656173706, "State/5401 - EV": 0.09650538116693497, "State/5401 - ACC": 0.7447236180305481, "State/5601 - EP": 0.04531635344028473, "State/5601 - EV": 0.4710002541542053, "State/5601 - ACC": 0.06532663106918335, "State/5801 - EP": 1.1356959342956543, "State/5801 - EV": 0.3790578246116638, "State/5801 - ACC": -1.9206030368804932, "State/6001 - EP": 1.7944731712341309, "State/6001 - EV": 0.3217962980270386, "State/6001 - ACC": -0.11758793890476227, "State/6201 - EP": -0.40958091616630554, "State/6201 - EV": 0.3681343197822571, "State/6201 - ACC": -0.6402010321617126, "State/6401 - EP": -2.7104625701904297, "State/6401 - EV": -0.5719019770622253, "State/6401 - ACC": -1.7115577459335327, "State/6601 - EP": -0.18670272827148438, "State/6601 - EV": 0.17420637607574463, "State/6601 - ACC": 0.01306532695889473, "State/6801 - EP": 1.247020959854126, "State/6801 - EV": 0.6912059187889099, "State/6801 - ACC": -1.7115577459335327, "State/7001 - EP": 12.458645820617676, "State/7001 - EV": 0.583491861820221, "State/7001 - ACC": 1.1105527877807617, "State/7201 - EP": -0.08599228411912918, "State/7201 - EV": 0.10642857104539871, "State/7201 - ACC": 0.45728641748428345, "State/7401 - EP": -0.08588661998510361, "State/7401 - EV": 0.3414958715438843, "State/7401 - ACC": -0.979899525642395, "State/7601 - EP": -0.11660211533308029, "State/7601 - EV": 0.5826696753501892, "State/7601 - ACC": 1.7638190984725952, "State/7801 - EP": -0.07169249653816223, "State/7801 - EV": 0.01584864780306816, "State/7801 - ACC": -1.4763818979263306, "State/8001 - EP": -0.4071873724460602, "State/8001 - EV": 0.26708129048347473, "State/8001 - ACC": 0.4834170937538147, "State/8201 - EP": 0.13410919904708862, "State/8201 - EV": -0.16919340193271637, "State/8201 - ACC": -0.09145728498697281, "State/8401 - EP": -1.0089517831802368, "State/8401 - EV": -0.25690793991088867, "State/8401 - ACC": -0.03919598087668419, "State/8601 - EP": 1.5179706811904907, "State/8601 - EV": 0.573431134223938, "State/8601 - ACC": -0.24824120104312897, "State/8801 - EP": -5.099997043609619, "State/8801 - EV": -0.8332977890968323, "State/8801 - ACC": 2.103517532348633, "State/9001 - EP": 17.62772560119629, "State/9001 - EV": 1.1035549640655518, "State/9001 - ACC": 0.5879396796226501, "State/9201 - EP": -0.6817311644554138, "State/9201 - EV": -0.44201305508613586, "State/9201 - ACC": -1.6331658363342285, "State/9401 - EP": -5.172451972961426, "State/9401 - EV": 0.5240172743797302, "State/9401 - ACC": -0.3005025088787079, "State/9601 - EP": 0.3116631507873535, "State/9601 - EV": -0.04395798593759537, "State/9601 - ACC": 0.8492462038993835, "State/9801 - EP": -0.2301534116268158, "State/9801 - EV": 0.16240529716014862, "State/9801 - ACC": 0.1698492467403412, "_wandb": {"runtime": 2176}}