{"State/1 - EP": -10.41749382019043, "State/1 - EV": -1.7198593616485596, "State/1 - ACC": 1.6331658363342285, "_timestamp": 1728850864.3875988, "_runtime": 150.36969876289368, "_step": 298, "State/51 - EP": -10.121747970581055, "State/51 - EV": -2.3547120094299316, "State/51 - ACC": 1.7638190984725952, "Score": -58.915351616293485, "epsilon decay": 0.9706381957170124, "State/101 - EP": -2.2840843200683594, "State/101 - EV": -0.44506368041038513, "State/101 - ACC": 1.0060302019119263}