{"State/1 - EP": -18.222015380859375, "State/1 - EV": -2.0845320224761963, "State/1 - ACC": -2.44321608543396, "_timestamp": 1729064599.0429025, "_runtime": 136.87641739845276, "_step": 30000, "Score": -57.24091466982513, "epsilon decay": 0.9705411318974407, "Episode": 299, "Average Score": -47.28096028649839, "Total Steps": 100, "State/51 - EP": -6.202200412750244, "State/51 - EV": 0.31319162249565125, "State/51 - ACC": -2.5999999046325684, "State/101 - EP": -5.508455276489258, "State/101 - EV": -0.6246998906135559, "State/101 - ACC": 2.025125741958618, "State/151 - EP": 25.93446159362793, "State/151 - EV": 3.407015323638916, "State/151 - ACC": 2.3125627040863037, "State/201 - EP": 0.37722787261009216, "State/201 - EV": 0.3703186511993408, "State/201 - ACC": -0.19597989320755005, "State/251 - EP": 19.11530303955078, "State/251 - EV": 1.9645625352859497, "State/251 - ACC": -1.7899497747421265, "_wandb": {"runtime": 180}}