{"ep 1": 5.154636859893799, "ev 1": 0.8609541654586792, "acc 1": 2.025125741958618, "_timestamp": 1728848172.3707662, "_runtime": 330.9626712799072, "_step": 628, "ep 31": -6.937238693237305, "ev 31": 0.6190750002861023, "acc 31": 1.2412060499191284, "ep 61": 1.048723816871643, "ev 61": 0.18872584402561188, "acc 61": -1.0844221115112305, "ep 91": -2.4207000732421875, "ev 91": -0.5374027490615845, "acc 91": -1.6592965126037598, "total reward": -1.3217328477889467, "epsilon decay": 1.0}